{"v":"4.8.0","meta":{"g":"LottieFiles AE 3.0.2","a":"","k":"","d":"","tc":""},"fr":30,"ip":0,"op":61,"w":200,"h":200,"nm":"Smiley 3-4","ddd":0,"assets":[],"layers":[{"ddd":0,"ind":1,"ty":4,"nm":"Smiley 2","sr":1,"ks":{"o":{"a":0,"k":100,"ix":11},"r":{"a":1,"k":[{"i":{"x":[0.1],"y":[1]},"o":{"x":[0.167],"y":[0]},"t":15,"s":[0]},{"i":{"x":[0.1],"y":[1]},"o":{"x":[0.167],"y":[0]},"t":28.143,"s":[3]},{"t":45,"s":[-10]}],"ix":10},"p":{"a":1,"k":[{"i":{"x":0.1,"y":1},"o":{"x":0.425,"y":0},"t":15,"s":[100.25,100.25,0],"to":[0,0,0],"ti":[0,0,0]},{"i":{"x":0.1,"y":1},"o":{"x":0.167,"y":0},"t":28,"s":[100.25,105.25,0],"to":[0,0,0],"ti":[0,0,0]},{"t":45,"s":[100.29,95,0]}],"ix":2},"a":{"a":0,"k":[80.25,80.25,0],"ix":1},"s":{"a":0,"k":[100,100,100],"ix":6}},"ao":0,"shapes":[{"ty":"gr","it":[{"ty":"gr","it":[{"ty":"gr","it":[{"ind":0,"ty":"sh","ix":1,"ks":{"a":0,"k":{"i":[[1.501,-5.602],[4.288,-2.454],[0.477,-0.272],[0.376,0.101],[0.326,0.288],[2.161,3.981],[-0.65,2.427],[-5.645,-1.513],[-1.182,-3.118],[-3.388,-0.907]],"o":[[-0.65,2.428],[-3.811,2.181],[-0.427,0.086],[-0.376,-0.101],[-0.276,-0.474],[-2.486,-4.269],[1.501,-5.602],[3.011,0.807],[2.582,-2.109],[5.456,1.462]],"v":[[18.14,1.732],[11.825,10.247],[-4.238,16.75],[-5.467,16.822],[-6.495,16.146],[-17.154,2.482],[-18.365,-8.048],[-5.503,-15.409],[1.251,-8.997],[10.68,-11.073]],"c":true},"ix":2},"nm":"Path 1","mn":"ADBE Vector Shape - Group","hd":false},{"ty":"fl","c":{"a":0,"k":[0.933333393172,0.152941176471,0.215686289469,1],"ix":4},"o":{"a":0,"k":100,"ix":5},"r":1,"bm":0,"nm":"Fill 1","mn":"ADBE Vector Graphic - Fill","hd":false},{"ty":"tr","p":{"a":0,"k":[105.551,60.483],"ix":2},"a":{"a":0,"k":[-4.438,2.188],"ix":1},"s":{"a":0,"k":[0,0],"ix":3},"r":{"a":0,"k":0,"ix":6},"o":{"a":0,"k":100,"ix":7},"sk":{"a":0,"k":0,"ix":4},"sa":{"a":0,"k":0,"ix":5},"nm":"Transform"}],"nm":"Group 8","np":2,"cix":2,"bm":0,"ix":1,"mn":"ADBE Vector Group","hd":false},{"ty":"tr","p":{"a":0,"k":[54.759,58.839],"ix":2},"a":{"a":0,"k":[109.759,58.839],"ix":1},"s":{"a":0,"k":[-100,100],"ix":3},"r":{"a":0,"k":0,"ix":6},"o":{"a":0,"k":100,"ix":7},"sk":{"a":0,"k":0,"ix":4},"sa":{"a":0,"k":0,"ix":5},"nm":"Transform"}],"nm":"Heart","np":1,"cix":2,"bm":0,"ix":1,"mn":"ADBE Vector Group","hd":false},{"ty":"gr","it":[{"ty":"gr","it":[{"ind":0,"ty":"sh","ix":1,"ks":{"a":0,"k":{"i":[[1.501,-5.602],[4.288,-2.454],[0.477,-0.272],[0.376,0.101],[0.326,0.288],[2.161,3.981],[-0.65,2.427],[-5.645,-1.513],[-1.182,-3.118],[-3.388,-0.907]],"o":[[-0.65,2.428],[-3.811,2.181],[-0.427,0.086],[-0.376,-0.101],[-0.276,-0.474],[-2.486,-4.269],[1.501,-5.602],[3.011,0.807],[2.582,-2.109],[5.456,1.462]],"v":[[18.14,1.732],[11.825,10.247],[-4.238,16.75],[-5.467,16.822],[-6.495,16.146],[-17.154,2.482],[-18.365,-8.048],[-5.503,-15.409],[1.251,-8.997],[10.68,-11.073]],"c":true},"ix":2},"nm":"Path 1","mn":"ADBE Vector Shape - Group","hd":false},{"ty":"fl","c":{"a":0,"k":[0.933333393172,0.152941176471,0.215686289469,1],"ix":4},"o":{"a":0,"k":100,"ix":5},"r":1,"bm":0,"nm":"Fill 1","mn":"ADBE Vector Graphic - Fill","hd":false},{"ty":"tr","p":{"a":0,"k":[105.551,60.483],"ix":2},"a":{"a":0,"k":[-4.438,2.188],"ix":1},"s":{"a":0,"k":[0,0],"ix":3},"r":{"a":0,"k":0,"ix":6},"o":{"a":0,"k":100,"ix":7},"sk":{"a":0,"k":0,"ix":4},"sa":{"a":0,"k":0,"ix":5},"nm":"Transform"}],"nm":"Group 7","np":2,"cix":2,"bm":0,"ix":1,"mn":"ADBE Vector Group","hd":false},{"ty":"tr","p":{"a":0,"k":[109.759,58.839],"ix":2},"a":{"a":0,"k":[109.759,58.839],"ix":1},"s":{"a":0,"k":[100,100],"ix":3},"r":{"a":0,"k":0,"ix":6},"o":{"a":0,"k":100,"ix":7},"sk":{"a":0,"k":0,"ix":4},"sa":{"a":0,"k":0,"ix":5},"nm":"Transform"}],"nm":"Heart","np":1,"cix":2,"bm":0,"ix":2,"mn":"ADBE Vector Group","hd":false},{"ty":"gr","it":[{"ty":"gr","it":[{"ind":0,"ty":"sh","ix":1,"ks":{"a":1,"k":[{"i":{"x":0.1,"y":1},"o":{"x":0.333,"y":0},"t":15,"s":[{"i":[[-3.157,0],[0,-6.312],[3.155,0],[0,6.311]],"o":[[3.155,0],[0,6.311],[-3.157,0],[0,-6.312]],"v":[[0,-11.429],[5.714,0.001],[0,11.429],[-5.714,0.001]],"c":true}]},{"i":{"x":0.1,"y":1},"o":{"x":0.333,"y":0},"t":28,"s":[{"i":[[-3.157,0],[0,-6.312],[3.155,0],[0,6.311]],"o":[[3.155,0],[0,6.311],[-3.157,0],[0,-6.312]],"v":[[-0.625,-11.429],[5.089,0.001],[-0.625,0.179],[-6.339,0.001]],"c":true}]},{"t":45,"s":[{"i":[[-5.52,-0.133],[1.89,-0.983],[4.467,0.286],[2.33,0.614]],"o":[[5.52,0.133],[-2.599,1.352],[-4.467,-0.286],[-2.307,-0.608]],"v":[[0,-12.679],[5.714,0.001],[-0.061,-7.571],[-5.714,0.001]],"c":true}]}],"ix":2},"nm":"Path 1","mn":"ADBE Vector Shape - Group","hd":false},{"ty":"fl","c":{"a":0,"k":[0.18431372549,0.188235309077,0.262745098039,1],"ix":4},"o":{"a":0,"k":100,"ix":5},"r":1,"bm":0,"nm":"Fill 1","mn":"ADBE Vector Graphic - Fill","hd":false},{"ty":"tr","p":{"a":0,"k":[104.988,60.795],"ix":2},"a":{"a":0,"k":[0,0],"ix":1},"s":{"a":1,"k":[{"i":{"x":[0.1,0.1],"y":[1,1]},"o":{"x":[0.333,0.333],"y":[0,0]},"t":15,"s":[100,100]},{"i":{"x":[0.1,0.1],"y":[1,1]},"o":{"x":[0.333,0.333],"y":[0,0]},"t":28,"s":[150,30]},{"t":45,"s":[200,110]}],"ix":3},"r":{"a":0,"k":0,"ix":6},"o":{"a":0,"k":100,"ix":7},"sk":{"a":0,"k":0,"ix":4},"sa":{"a":0,"k":0,"ix":5},"nm":"Transform"}],"nm":"Eye R","np":2,"cix":2,"bm":0,"ix":1,"mn":"ADBE Vector Group","hd":false},{"ty":"gr","it":[{"ind":0,"ty":"sh","ix":1,"ks":{"a":1,"k":[{"i":{"x":0.1,"y":1},"o":{"x":0.333,"y":0},"t":15,"s":[{"i":[[-3.157,0],[0,-6.312],[3.155,0],[0,6.311]],"o":[[3.155,0],[0,6.311],[-3.157,0],[0,-6.312]],"v":[[0,-11.429],[5.714,0.001],[0,11.429],[-5.714,0.001]],"c":true}]},{"i":{"x":0.1,"y":1},"o":{"x":0.333,"y":0},"t":28,"s":[{"i":[[-3.157,0],[0,-6.312],[3.155,0],[0,6.311]],"o":[[3.155,0],[0,6.311],[-3.157,0],[0,-6.312]],"v":[[0,-11.429],[5.714,0.001],[0,0.179],[-5.714,0.001]],"c":true}]},{"t":45,"s":[{"i":[[-5.52,-0.133],[1.89,-0.983],[4.467,0.286],[2.33,0.614]],"o":[[5.52,0.133],[-2.599,1.352],[-4.467,-0.286],[-2.307,-0.608]],"v":[[0,-12.679],[5.714,0.001],[-0.061,-7.571],[-5.714,0.001]],"c":true}]}],"ix":2},"nm":"Path 1","mn":"ADBE Vector Shape - Group","hd":false},{"ty":"fl","c":{"a":0,"k":[0.18431372549,0.188235309077,0.262745098039,1],"ix":4},"o":{"a":0,"k":100,"ix":5},"r":1,"bm":0,"nm":"Fill 1","mn":"ADBE Vector Graphic - Fill","hd":false},{"ty":"tr","p":{"a":0,"k":[55.488,60.795],"ix":2},"a":{"a":0,"k":[0,0],"ix":1},"s":{"a":1,"k":[{"i":{"x":[0.1,0.1],"y":[1,1]},"o":{"x":[0.333,0.333],"y":[0,0]},"t":15,"s":[100,100]},{"i":{"x":[0.1,0.1],"y":[1,1]},"o":{"x":[0.333,0.333],"y":[0,0]},"t":28,"s":[150,30]},{"t":45,"s":[200,110]}],"ix":3},"r":{"a":0,"k":0,"ix":6},"o":{"a":0,"k":100,"ix":7},"sk":{"a":0,"k":0,"ix":4},"sa":{"a":0,"k":0,"ix":5},"nm":"Transform"}],"nm":"Eye L","np":2,"cix":2,"bm":0,"ix":2,"mn":"ADBE Vector Group","hd":false},{"ty":"tr","p":{"a":0,"k":[79.926,60.366],"ix":2},"a":{"a":0,"k":[79.926,60.366],"ix":1},"s":{"a":0,"k":[100,100],"ix":3},"r":{"a":0,"k":0,"ix":6},"o":{"a":0,"k":100,"ix":7},"sk":{"a":0,"k":0,"ix":4},"sa":{"a":0,"k":0,"ix":5},"nm":"Transform"}],"nm":"Eyes","np":2,"cix":2,"bm":0,"ix":3,"mn":"ADBE Vector Group","hd":false},{"ty":"gr","it":[{"ind":0,"ty":"sh","ix":1,"ks":{"a":1,"k":[{"i":{"x":0.1,"y":1},"o":{"x":0.333,"y":0},"t":28,"s":[{"i":[[1.502,0],[8.215,0],[0,0],[0,1.501],[-1.503,0],[-8.296,0],[0,0],[0,-1.502]],"o":[[0,0],[-8.293,0],[-1.503,0],[0,-1.502],[0,0],[8.213,0],[1.502,0],[0,1.501]],"v":[[24.763,2.72],[0.117,2.72],[-24.762,2.72],[-27.482,0.001],[-24.762,-2.72],[0.125,-2.72],[24.763,-2.72],[27.482,0.001]],"c":true}]},{"t":45,"s":[{"i":[[1.244,-1.789],[25.09,-0.367],[0,0],[-1.214,0.882],[-1.282,-1.764],[-22.024,0.443],[0,0],[-1.233,-0.857]],"o":[[0,0],[-25.09,0.367],[-1.282,-1.764],[1.215,-0.883],[0,0],[22.024,-0.443],[1.244,-1.789],[1.232,0.857]],"v":[[37.266,-2.215],[0.68,15.47],[-36.394,-2.399],[-36.26,-7.007],[-31.993,-5.597],[0.692,10.03],[32.799,-5.32],[37.025,-6.834]],"c":true}]}],"ix":2},"nm":"Path 1","mn":"ADBE Vector Shape - Group","hd":false},{"ty":"fl","c":{"a":1,"k":[{"i":{"x":[0.667],"y":[1]},"o":{"x":[0.333],"y":[0]},"t":28,"s":[0.18431372549,0.188235309077,0.262745098039,1]},{"t":37,"s":[0.933333396912,0.152941182256,0.215686291456,1]}],"ix":4},"o":{"a":0,"k":100,"ix":5},"r":1,"bm":0,"nm":"Fill 1","mn":"ADBE Vector Graphic - Fill","hd":false},{"ty":"tr","p":{"a":1,"k":[{"i":{"x":0.1,"y":1},"o":{"x":0.333,"y":0},"t":28,"s":[80.25,108.413],"to":[0,-1.667],"ti":[0,1.667]},{"t":45,"s":[80.25,98.413]}],"ix":2},"a":{"a":0,"k":[0,0],"ix":1},"s":{"a":0,"k":[100,100],"ix":3},"r":{"a":0,"k":0,"ix":6},"o":{"a":0,"k":100,"ix":7},"sk":{"a":0,"k":0,"ix":4},"sa":{"a":0,"k":0,"ix":5},"nm":"Transform"}],"nm":"Mouth","np":2,"cix":2,"bm":0,"ix":4,"mn":"ADBE Vector Group","hd":false},{"ty":"gr","it":[{"ty":"gr","it":[{"ind":0,"ty":"sh","ix":1,"ks":{"a":0,"k":{"i":[[0,-6.268],[6.268,0],[0,6.268],[-6.269,0]],"o":[[0,6.268],[-6.269,0],[0,-6.268],[6.268,0]],"v":[[11.35,0],[0,11.349],[-11.35,0],[0,-11.349]],"c":true},"ix":2},"nm":"Path 1","mn":"ADBE Vector Shape - Group","hd":false},{"ty":"fl","c":{"a":0,"k":[0.933333393172,0.152941176471,0.215686289469,1],"ix":4},"o":{"a":0,"k":100,"ix":5},"r":1,"bm":0,"nm":"Fill 1","mn":"ADBE Vector Graphic - Fill","hd":false},{"ty":"tr","p":{"a":0,"k":[24.244,90.131],"ix":2},"a":{"a":0,"k":[0,0],"ix":1},"s":{"a":0,"k":[100,100],"ix":3},"r":{"a":0,"k":0,"ix":6},"o":{"a":0,"k":100,"ix":7},"sk":{"a":0,"k":0,"ix":4},"sa":{"a":0,"k":0,"ix":5},"nm":"Transform"}],"nm":"Group 6","np":2,"cix":2,"bm":0,"ix":1,"mn":"ADBE Vector Group","hd":false},{"ty":"gr","it":[{"ind":0,"ty":"sh","ix":1,"ks":{"a":0,"k":{"i":[[0,-6.268],[6.268,0],[0,6.268],[-6.269,0]],"o":[[0,6.268],[-6.269,0],[0,-6.268],[6.268,0]],"v":[[11.35,0],[0,11.349],[-11.35,0],[0,-11.349]],"c":true},"ix":2},"nm":"Path 1","mn":"ADBE Vector Shape - Group","hd":false},{"ty":"fl","c":{"a":0,"k":[0.933333393172,0.152941176471,0.215686289469,1],"ix":4},"o":{"a":0,"k":100,"ix":5},"r":1,"bm":0,"nm":"Fill 1","mn":"ADBE Vector Graphic - Fill","hd":false},{"ty":"tr","p":{"a":0,"k":[135.244,90.131],"ix":2},"a":{"a":0,"k":[0,0],"ix":1},"s":{"a":0,"k":[100,100],"ix":3},"r":{"a":0,"k":0,"ix":6},"o":{"a":0,"k":100,"ix":7},"sk":{"a":0,"k":0,"ix":4},"sa":{"a":0,"k":0,"ix":5},"nm":"Transform"}],"nm":"Group 2","np":2,"cix":2,"bm":0,"ix":2,"mn":"ADBE Vector Group","hd":false},{"ty":"tr","p":{"a":0,"k":[79.744,90.131],"ix":2},"a":{"a":0,"k":[79.744,90.131],"ix":1},"s":{"a":0,"k":[100,100],"ix":3},"r":{"a":0,"k":0,"ix":6},"o":{"a":1,"k":[{"i":{"x":[0.667],"y":[1]},"o":{"x":[0.333],"y":[0]},"t":28.143,"s":[0]},{"t":45,"s":[50]}],"ix":7},"sk":{"a":0,"k":0,"ix":4},"sa":{"a":0,"k":0,"ix":5},"nm":"Transform"}],"nm":"Blush","np":2,"cix":2,"bm":0,"ix":5,"mn":"ADBE Vector Group","hd":false},{"ty":"tr","p":{"a":1,"k":[{"i":{"x":0.1,"y":1},"o":{"x":0.333,"y":0},"t":28,"s":[79.744,86.002],"to":[0,0],"ti":[0,0]},{"t":45,"s":[79.744,74.002]}],"ix":2},"a":{"a":0,"k":[79.744,86.002],"ix":1},"s":{"a":0,"k":[100,100],"ix":3},"r":{"a":0,"k":0,"ix":6},"o":{"a":0,"k":100,"ix":7},"sk":{"a":0,"k":0,"ix":4},"sa":{"a":0,"k":0,"ix":5},"nm":"Transform"}],"nm":"Face","np":5,"cix":2,"bm":0,"ix":1,"mn":"ADBE Vector Group","hd":false},{"ty":"gr","it":[{"ind":0,"ty":"sh","ix":1,"ks":{"a":0,"k":{"i":[[-44.183,0],[0,44.183],[44.183,0],[0,-44.182]],"o":[[44.183,0],[0,-44.182],[-44.183,0],[0,44.183]],"v":[[0,80],[80,0],[0,-80],[-80,0]],"c":true},"ix":2},"nm":"Path 1","mn":"ADBE Vector Shape - Group","hd":false},{"ty":"fl","c":{"a":0,"k":[1,0.776470648074,0,1],"ix":4},"o":{"a":0,"k":100,"ix":5},"r":1,"bm":0,"nm":"Fill 1","mn":"ADBE Vector Graphic - Fill","hd":false},{"ty":"tr","p":{"a":0,"k":[80.25,80.25],"ix":2},"a":{"a":0,"k":[0,0],"ix":1},"s":{"a":0,"k":[100,100],"ix":3},"r":{"a":0,"k":0,"ix":6},"o":{"a":0,"k":100,"ix":7},"sk":{"a":0,"k":0,"ix":4},"sa":{"a":0,"k":0,"ix":5},"nm":"Transform"}],"nm":"Head","np":2,"cix":2,"bm":0,"ix":2,"mn":"ADBE Vector Group","hd":false}],"ip":0,"op":110,"st":-50,"bm":0}],"markers":[]}